name,id
The Bravery,
Fightstar,
The Specials,
Novaspace,
Bradley Strider,
Predatore18,
Shinji Miyazaki,
Husky Rescue,
Sadus,
Samba de Coco Raizes de Arcoverde,
Gal Costa,
Angels and Agony,
Sunny Day Real Estate,
V V Brown,
Take It Back!,
Orange Caramel,
Stateless,
Little Man Tate,
Bonded By Blood,
Susan Sarandon,
Xuxa,
Mikis Theodorakis,
Lullatone,
Kris Kristofferson,
Ноггано,
Rick Wright,
Chris Cornell,
Mark Ronson,
El Grupo Nuevo De Omar Rodriguez Lopez,
Roupa Nova,
Fred Mollin,
Benedictine Monks' Choir Of Santo Domingo De Silos,
Thirteen Senses,
Kurt Dyer,
Funckarma,
The Chuck Wagon Gang,
Lee Hazlewood,
Quintorigo,
Dusty Kid,
Restless Heart,
Yuki Hayashi,
시크릿코드 Secret Code,
Tsunami Bomb,
Santerna feat. Elevenfox,
The Perishers,
J. Rawls,
Pulled Apart By Horses,
Kino,
Mala Rodríguez,
Telmary,
Wild Beasts,
Pallaso,
kohto,
Наша Таня,
Locnville,
Broken Bells,
Ducktails,
For My Pain...,
David Sylvian,
The Left Rights,
BassTek,
Peter Green,
Mike Campbell & The Dirty Knobs,
Movetown,
TOKiMONSTA,
FM Belfast,
Analogik,
The Riptones,
Ahmed Arif,
Demis Roussos,
N.E.R.D,
Dance Club Massacre,
Artist Unknown,
SUPERIOTS,
Uncle Dave Macon,
Pezet,
Cokiyu,
Angel Witch,
Hugo Hamlet,
7линия,
Daniela Castro,
Leftöver Crack,
Snoop Dogg,
Dub Trees,
Billy Bragg,
Righteous Jams,
Riverside Underground,
Teoman,
John Schroeder,
Dennis Jernigan,
Bishop Briggs,
Billy Currie,
Uffie,
Heidi Montag,
La Guerra delle Formiche,
Polara,
Matthew Good Band,
A$AP Rocky,
Rudresh Mahanthappa,
50 Cent,
Visions of Atlantis,
Bob Marley & The Wailers,
CrossBreed,
Worthless Without,
Lucinda Williams,
Soundpool,
Liberty X,
Paris Hilton,
Rearth,
Offer Nissim,
Grupo Tradição,
The Shouting Matches,
Marakesh,
Alesha Dixon,
I Wayne,
Katya Chekhova,
Tired Pony,
Blue Planet Corporation,
Zloty Dawai,
Seefeel,
Soft Cell,
Helena Bonham Carter,
Underground Resistance,
The Spill Canvas,
Josh Henderson,
Triamer,
Chalk Circle,
The Tumbling Paddies,
M60,
Nadine Coyle,
Ziggy Marley,
Eskimo Disco,
Duane Allman,
Stephen Warbeck,
Xavier Cafeine,
Kani Karaca,
100dBs & Ryan-O'Neil feat. DJ Far East,
Panna Fredda,
Exit Ten,
Паровоз На Резиновом Ходу,
Carolina Liar,
Choir Of Young Believers,
Richard Walters,
All Artist Adella,
Ringworm,
Wilki,
Jackson Browne,
AJ McLean,
Killing The Dream,
Royal & the Serpent,
Whiskeytown,
Destrophy,
Elvis Crespo,
"Este's Psalter, 1592",
Antony Szmierek,
Ned's Atomic Dustbin,
Cliff Martinez,
Corbin Bleu,
the eames era,
Aghora,
Unité 2 Feu,
Grammatik,
Judas Priest,
Denki Groove,
Warren Zevon,
Blue Foundation,
Hateen,
Mindflow,
Klaus Nomi,
Orbital,
They Might Be Giants,
Griffin House,
Adrenalina Caribe,
Billie Piper,
Liliana Felipe,
YAMASHITA TOMOHISA,
Goldfrapp,
Nightrage,
Tove Styrke,
Real de Avino,
Dusty Fingers,
RURUTIA,
Swing do Amor,
Rouxinol Faduncho,
The Tony Danza Tapdance Extravaganza,
Koji Kondo,
Dawn Kelly & Neil Bailey's Magpie 22,
Alice Nordstrom,
Ray Manzarek,
Celtic Woman,
Evan Rachel Wood,
Ligeia,
Tiffany Evans,
Fiddler's Green,
The Sleeping Giants,
Barbara Muñoz,
Kevin Bazinet,
Chitãozinho & Xororó,
Meryl Streep,
Tony Iommi,
Bruce Springsteen,
Diana King,
Laminated Cat,
Ciwan Haco,
Agua Bella,
Jeremy Zag,
Pure Reason Revolution,
Jasper Erkens,
The Opus,
Heitor Villa-Lobos,
Great Northern,
Yen Pox,
Маша и Медведи,
Ben Webster,
Peter Bailey & Richie Santana,
Poisonblack,
Akissforjersey,
Quietdrive,
Oxbow,
Chase & Status,
Легион,
Al B. Sure!,
Rebbie Jackson,
Alexander Brandon,
Alban Berg Quartett,
Paddy Milner,
[Би-2],
Haddaway,
Hannah Montana,
Amadou & Mariam,
Jeigo,
Carlos Rafael Rivera,
Maria Peszek,
Premiata Forneria Marconi,
Hobson’s Choice,
Luciano Ligabue,
Kimberly Wyatt,
Luke Pickett,
Children Of Bodom,
Art Ensemble Of Chicago,
Hillsong London,
Five Star,
Alceu Valença,
Reverend And The Makers,
Great Lake Swimmers,
Abakus,
wecamewithbrokenteeth,
Djavan,
Cristina Mel,
Maeckes,
Matt Zarley,
Miranda Lambert,
Ana Nikolić,
Skye Lewin,
Carissa's Wierd,
Hugh Masekela,
Tommy Sparks,
In Slaughter Natives,
Passengers,
Artist Running Club,
Lyon Fi!,
Ari PenSmith,
Helena Vondráčková,
Yefito Flex,
Teedra Moses,
Hellogoodbye,
Unknown Artist LTG,
David Jordan,
Mackenzie Sol,
Sunset Bros,
Royal Republic,
Holy Molar,
Žemaitukai,
Manian,
Metal Church,
Siouxsie and the Banshees,
Sabrina Malheiros,
The Clientele,
Fim do Silêncio,
VETO,
Illnath,
Rick Ross,
,
Frakkur,
Peter Meven,
Daft Punk,
Vinnie Who,
Desmond Child,
Five Mix Colors,
Janio Lora,
Deftones,
Chimaira,
Marine Girls,
Didier Sinclair,
Mad Cobra,
The Waking Eyes,
Candice Alley,
Boston,
John Martyn,
Gil Scott-Heron,
Papa Wemba,
The Maine,
Senser,
Machine Head,
The Soft Boys,
Origen,
Viniloversus,
Crystal Bowersox,
Siavash Ghomayshi,
6000000000себя,
Joe Satriani,
Burro Banton,
Chrisette Michele,
Brad Kavanagh,
Holy Fuck,
Belinda Carlisle,
Henry Priestman,
JX,
Kaizers Orchestra,
MBrother,
Kristin Chenoweth,
Sin Fang Bous,
Audion,
Amelia Coburn,
Harry Belafonte,
Sleep Zone White Soothing Noise,
Duck Sauce,
Приключения Электроников,
Space,
L'Ham De Foc,
Javier Malosetti,
Willow Avalon,
Christian Walz,
THE BLACK MAGES,
Rasheeda,
松田 弘 featuring 有里 知花,
Sudden Weather Change,
Florian Ostertag,
Van Morrison,
Galitza,
def rebel,
Manuel García,
奥井雅美,
The Motherhood,
Sing It Loud,
Noise Ratchet,
Carolina Soares,
Les Savy Fav,
Kayamaré,
zoviet france,
Carmen Miranda,
Лера Массква,
Kesmeşeker,
Keyshia Cole,
Łeb Prosiaka,
Füsun Önal,
Jessica Harper,
Kellie Pickler,
Olivier Messiaen,
Afta-1,
Cursive,
Marlene Dietrich,
Best Interest,
Celeste,
The Dead Trees,
Quest Pistols,
The Hotknives,
SL2,
Fonky Family,
Zac Efron,
Hektagon,
Eriko Tamura,
Casely,
Barzin,
The Hold Steady,
The Urgency,
PAPI LOLO 24,
Cazuza,
Yoko Shimomura,
Edward Sharpe & The Magnetic Zeros,
Андрей Климковский,
Luigi Dallapiccola,
Hilltop Hoods,
Lake Heartbeat,
Paulina Goto,
La Arrolladora Banda El Limón De Rene Camacho,
The Lemonheads,
Solo Artist Saxx,
Portishead,
Sagi Rei,
Toñita,
Kiley Dean,
Cynic,
Caravan Palace,
Bad Banana,
Bootsy Collins,
Lycia Faith,
Laura Branigan,
Naturally 7,
Breathe Carolina,
Alexander V. Mogilco,
Mainstay,
Gameboy / Gamegirl,
Jagged Edge,
Trouble Over Tokyo,
Pogodno,
Stealers Wheel,
Tyrone Davis,
Arautos Do Rei,
DJ SHARPNEL,
El Artista & Richaelio,
Karmina Dai,
PRESS PLAY ON TAPE,
Yelawolf,
Lil' Kim,
Isles & Glaciers,
Small Faces,
Radiant Silvergun,
Saidian,
Suicidal Romance,
Azam Ali,
Marco Borsato,
Alannah Hammer,
Newton Faulkner,
Son Dam Bi,
Gatsbys American Dream,
Гражданская Оборона,
Stephanie Beatriz,
Computerclub,
Enkei,
Johann Sebastian Bach,
King Sis,
Luminate,
Woody Jackson,
Tyler Hilton,
Spleen United,
Léo & Raphael,
Andrius Mamontovas,
Ray Collins' Hot Club,
Almamegretta,
Magik Markers,
Buried Beneath The Ashes,
Tyler Daley,
The Agitators,
Kjartan Sveinsson,
Goresoerd,
Artist Joe Smith,
Amie Miriello,
Children Collide,
Jim Johnston,
Chew Lips,
Kevin Rudolf,
Jeff Greinke,
Lionheart,
Raven-Symoné,
Asco,
David Gray,
Dima Bilan,
Skyclad,
Ryan Harvey,
Megadriver,
See-Saw,
The Ditty Bops,
ВИГ Щурците,
Strong Arm Steady,
La Roux,
Celia Cruz,
Pavel Nuñez,
Gov't Mule,
Marc Streitenfeld,
Ancient Atlantis,
Eight Legs,
Martin Denny,
Quantum Soul,
Rahsaan Patterson,
Marin Marais,
Minus the Bear,
The Blues Busters,
"Halloween, Alaska",
Funker Vogt,
Taster's Choice,
The Silk Demise,
sleepy.ab,
Twisted Wheel,
Radio Slave,
Aidan Baker,
Chespirito,
Gwar,
Michael Bublé,
芸能山城組,
Lhasa De Sela,
Quadro Nuevo,
"DJ Nil with Sergey Fadeev, Nik Zaharoff",
Emarosa,
A*M*E,
Lelia Broussard,
Kilians,
Invention of Light,
Correatown,
Jamie xx,
Maria Lawson,
*NSYNC,
Menomena,
Entertainment for the Braindead,
Alai Oli,
Unnaddarè,
Kisschasy,
Phineas,
Kardes Turkuler,
Султан Садыралиев,
Stefano Riccomini,
ARTISTLA,
Ranka Lee = Megumi Nakajima / Sheryl Nome starring May'n,
Augustana,
Amanda Bynes,
Lee Ryan,
Megh Stock,
Alexis HK,
Siegfried Jerusalem/Lucia Popp/Peter Hofmann/Aage Haugland/Symphonieorchester des Bayerischen Rundfunks/Bernard Haitink,
Kelly Rowland,
Waglewski Fisz Emade,
Danielle Ate The Sandwich,
Tolga Burkay,
The Rah Band,
ooes,
Ronald Cheng,
Nashville Session Singers,
MOTOO FUJIWARA,
Goreshit,
Trading Yesterday,
Tom Novy,
Zion I & the Grouch,
The Ataris,
Jeff Mangum,
The Mayfield Four,
Instant Species,
Ahleuchatistas,
McFadden & Whitehead,
Copacabana Club,
Electrelane,
Original West End Cast of Only Fools and Horses,
Sergey Shnurov,
Ewelina Flinta,
Party Ben,
Sweet,
Ludovico Einaudi,
Sergio & Odair Assad,
Darren Hayes,
Main-De-Gloire,
Tina Dico,
Elefante,
Re-Up Gang,
Ellen Foley,
Modern Day Zero,
Child Synesthesia,
Rachael Yamagata,
Sleep Noise Island,
Cast Of Camp Rock,
Keedie,
Jay Clifford,
AmIEvil,
The Queers,
Jensen Ackles,
X-Dream,
Edwin McCain,
Faustix,
David Bazan,
Elliot Goldenthal,
Abdullah Rolle,
Cormega,
SiR,
Alice In Chains,
Loli Ripe,
Catherine Zeta-Jones,
Boomkat,
Christina Aguilera,
Qarpa,
Scaramanga Shallah,
The Cloud Room,
Départ Imminent,
Paul Rodgers,
Jimmy Herring,
SAULT,
Ney Conceição,
Switches,
Justin Timberlake,
Patrick Doval,
Ogoya Nengo And The Dodo Women’s Group,
Destined Dynamics,
Sneaky Sound System,
IZCO,
Бумбокс і Тіна Кароль,
Ryder,
Stigmata,
Rob Dickinson,
Ally Kerr,
Spiderbait,
Pakava IT,
DJ Perestroika,
Suzannah Bee,
Bette Midler,
Cher,
Roxette,
Billy J. Kramer & The Dakotas,
Katia B,
Nolan Wren,
Cody Simpson,
Ane Brun,
Ландыши,
Ray William Johnson,
Riccardo Pietri,
Halifax Pier,
Stephen Jerzak,
Phoebe Buffay And The Hairballs,
The Caravelles,
Joanna Pacitti,
Ed Cox,
Lotus Plaza,
girlfriends,
Slipknot,
Листопад 2007,
The Temptations,
Razed In Black,
Kleerup,
Glenn Gould,
Jag Panzer,
Smaxone,
Barry Harris,
Dimitri Vegas & Like Mike,
Jenny Lewis,
Baton Rouge,
Alex Sparrow,
Busted,
Heart,
VFSix,
Sergei Prokofiev,
SEUNGRI,
Teen Beach Movie Cast,
The Grapes Of Wrath,
Michelle Williams,
Yuji Masubuchi,
Guilherme & Santiago,
Soulja Boy,
The Church of Hysteria,
Denise Rosenthal,
Madison Avenue,
Tender Trap,
Rainbow Kitten Surprise,
Faust Again,
Made famous by Willow Smith,
Joan As Police Woman,
There Will Be Fireworks,
Sin Bandera,
Cast of Mamma Mia! The Movie,
The Underground Lighthouse,
Periphery,
Asia Minor,
Die So Fluid,
Travie McCoy,
Down To Nothing,
Boyzone,
Daughter Darling,
School of Emotional Engineering,
The Crash Moderns,
Narciso Yepes,
SIX,
Camera Obscura,
Strapping Young Lad,
Fleshgod Apocalypse,
All Time Low,
Stereo MC's,
Oregon,
Sonny Boy Williamson II,
The Mercury Arcs,
Sertab Erener,
La Sonrisa De Julia,
Porcupine Tree,
Stromae,
Def Leppard,
Ah Cama-Sotz,
Gentle Giant,
Artist Ko Ensemble,
Mongo Santamaria,
Adam Ficek,
Iron & Wine,
House of Low Culture,
Alex van Tune,
The Versatiles,
Los Honorables,
Jonathan Boulet,
Artist SomNang,
Luz Casal,
NAZ6M,
Mr Hudson,
The Hooters,
The Lord Weird Slough Feg,
Juca Chaves,
Charles Hamilton,
Der Waldläufer,
Vision Talk,
Julia Michaels,
Cast of EPIC: The Musical,
"Jessica Leblanc Berry, Chelsea Ellison & Lisa Shannon",
"NAKAIDO""CHABO""REICHI",
bloodsimple,
Buena Vista Social Club,
El Guincho,
The Royston Club,
KAC Music,
Fabrizio Paterlini,
Hell Is For Heroes,
Alpha Vectoriam,
Dwarrowdelf,
The Cardigans,
White Textures,
Clint Mansell,
Patrick Stump,
Rivulets,
Steve Hackett,
The Derek Trucks Band,
Rex Mundi,
Alessandro Safina,
Amaral,
Пара нормальных,
Flotsam & Jetsam,
Dan Priestner,
Talking Heads,
The Pogues,
Get Cape. Wear Cape. Fly,
Alexis Jordan,
DJ Earl,
Coyote Clean Up,
Елена Терлеева,
Erykah Badu,
The Golliwogs,
Declan Galbraith,
Adam Lambert,
Union Jack,
Skaльпель,
Ольга Старовойт,
John Paul Jones,
Princeton Footnotes,
Hell Razah,
Baril,
Memorial,
Cory Andon,
Ollabelle,
Antonio Resende,
Vertical Horizon,
Johnossi,
Expatriate,
The Graduate,
The Adventures Of Stevie V,
Dot Allison,
Tina Dickow,
Melin Melyn,
Lavender Diamond,
Igor Stravinsky,
Nevilton,
Mendeed,
The Coldstream Guards Band,
Nelly Furtado,
Bad English,
Dj Yuri Pedrada,
Dirty Little Rabbits,
Lost Cherrees,
Gilberto Santa Rosa,
Sleeping Tortoise,
Jake Believe,
An Albatross,
apriltears,
Sublime,
Harbor Fate,
Angus & Julia Stone,
Nomad Soundsystem,
Lyrics Born,
Jared Leto,
Fatima Spar Und Die Freedom Fries,
Idlewild,
Circumnavigate,
WWE,
Lindsay Lohan,
Conexão Midi,
https://open.spotify.com/artist/3YcM7AKxHNljVJJYoK,
Babado Novo,
Deception Of A Ghost,
Вероника Сыромля,
Marianas Trench,
Stevie Ray Vaughan,
Dusty Dave & The Heart Attacks,
Wideboys,
Meekz,
Wonder Girls,
Hugh Coltman,
Chris Bondy,
Умка и Броневик,
First Aid Kit,
Serj Tankian,
AFI,
Rev Theory,
Penguin Prison,
Benji La Vida,
Tyrone Wells,
Phish,
Jerry Goldsmith,
Jack McManus,
Tom Cochrane & Red Rider,
Michel Legrand,
Raging Speedhorn,
Quackson,
Alessandra,
Jandek,
Bring Me The Horizon,
Circadian Eyes,
Deaf Center,
Nicky Wire,
Eldad Lidor,
The Speedos,
James Carter,
The New Musical Cast of 'WICKED',
RAM RIDER,
Unkle Bob,
Freur,
Vitesse X,
The International Tussler Society,
Lasgo,
Juliana Pasha,
Ziad Ashraf,
Onision,
Josiah Leming,
Gerald Garcia,
Nnenna Freelon,
Legion Of The Damned,
Sleeping in the Aviary,
Lady A,
The Bony King of Nowhere,
Atomic Kitten,
jung jaeil,
Alison Moyet,
barbequebob and the ring of fire,
Ray J,
Melanie Adler,
Katie Melua,
SHeDAISY,
Christa Black,
Alina Grosu,
Lucy Love,
PASSENGER OF SHIT,
Andy Timmons,
Kool G Rap,
Myles Smith,
Passion Pit,
Double H Nation,
Collective Soul,
Filipe Guerra,
반야바니,
Mystic Prophecy,
Illa J,
Elysian Fields,
Rotorua Concert Party,
Amber Pacific,
salem ilese,
Aphex Twin,
Alessandro Scarlatti,
Hand Made House,
Evan Fong,
Yuksek,
Boban i Marko Markovic Orkestar,
apogee,
Lizz Lee & Chris Willis & Mike E.,
Dimlite,
Scars On 45,
Craig David,
Kerli Koiv,
Pulsedriver,
Tinchy Stryder,
The Subways,
DuelJewel,
The Scorpions,
Huey Lewis & The News,
Victoria Justice,
The Pistolas,
Бис,
Faber Drive,
Burnt Fur,
Divide The Day,
Suicide Sports Club,
David Lee Roth,
間宮貴子,
Allison Ponthier,
Andy Griggs,
Headphonics,
Matt Bianco,
Gary Miller,
Lisa Loeb,
Peewee Longway,
Wilbur Soot,
Fulano la bulla,
Luan Santana,
Bill Brown,
Erik Grönwall,
Cof Damu,
Wyclef Jean,
The Ghost Inside,
Rodrigo Amarante,
Enigmatic Ranger,
Shannon Wright,
Lucy Walsh,
Don McLean,
The Recoys,
Five Star Fall,
Jo Stafford,
Stampeders,
Muzart,
Heartscore,
The Mavericks,
Books of the Bible,
Pete Yorn,
Bit Shifter,
Vienna Teng,
Do Or Die,
Post Malone,
Crash Spelts & the Seatbelts,
Lindsay Pagano,
Code 64,
Мои Ракеты Вверх,
Elton John,
Ed Kuepper,
Артур Беркут(Ария),
Peter Criss,
Rookie Of The Year,
Rihanna,
Elva Hsiao,
Santa Hates You,
American Hi-Fi,
Midimarc,
Kaveh Yaghmaei,
dyego,
Medwyn Goodall,
Peter Boehling and the Best LIfe Band,
Sniff 'n' The Tears,
Roddy Frame,
Turbo,
Serkan Süleymaniye,
Bad Balance,
Selecta J-Man,
Jesus Was Homeless,
Mink's,
Verdena,
Yannick Nézet-Séguin,
Guy Dearden,
Rivers Cuomo,
Agnieszka Chylińska,
Fozzy,
Tim Prottey-Jones,
Flesh Simulator,
Dean Geyer,
Shareefa,
Richard Hell & The Voidoids,
Kevin McHale,
Under The Influence of Giants,
Kabaret Starszych Panow,
GEt BENt feat. JAHSEE,
Floribella,
Jonna Lee,
Bishop Allen,
warm swarms,
Taylor Swift,
Jason Walker,
US5,
The Sunny Cowgirls,
Alarido Mongólico,
Katy Rose,
The Channel Hoppers,
Cajun Dance Party,
Hasan Dursun,
Irina Allegrova,
Liquid Planet Recordings,
New Years Day,
Urge Overkill,
Goran Bregović,
John 5,
RUZE,
SAIKO,
ムーンエンジェル隊(新谷良子・田村ゆかり・沢城みゆき・山口眞弓・かないみか・後藤沙緒里),
The Weakerthans,
Kristine Blond,
Splean,
Amber of Dirty Projectors,
Ivan Stanic,
Amado Basylio,
As Tall As Lions,
Scumbucket,
Cool Kids Of Death,
The High Dolls,
Agatha Christie,
Chris Daughtry,
Soliscape,
Fadel Chaker,
minusbaby,
Адаптация Пчёл,
Travis Garland,
The Strauss Family,
Shoshana Bean,
Nature Ambience,
Loyko,
Roger Glover,
Sifoor,
Holly Valance,
Cru2,
Gender Chores,
Diana Anaid,
Myriam Hernandez,
Halina Frackowiak,
Organs Without Bodies,
Nevada Tan,
Tracktor Bowling,
Hiromi,
Pro Arte Orchestra,
Selena Gomez & The Scene,
The Rumour Said Fire,
The Underdog Project,
The Mental Attack,
عماد الشريف,
Afromental,
acidsofia,
Terramara,
Grzegorz Ciechowski,
Utidur,
sped up nightcore,
Gobs,
Everlea,
F.R. David,
Fefe Dobson,
Justin Bieber,
The Communards,
The Age of Information,
Teodulija,
Grade 8,
Madame Mims,
Emanuela,
Boogieman,
Shunsuke Kida,
Mugison,
QFX,
Beautiful Small Machines,
Window Kid,
Jeremih,
Alicia Svigals,
Dan Seals,
Lush,
Matthew Duffy,
Born Ruffians,
Brent Lewis,
Freeway,
Wiley,
Tony Anderson,
Najwa Karam,
Grubson,
Филипп Киркоров & Стас Михайлов,
Pornophonique,
Os Astronautas,
Terry Davies,
The Longcut,
Meghan Trainor,
Dido,
Michelle Branch,
John Barrett,
Burning Hotels,
Fidan Mikayilzade,
Deviations Project,
Cutting Crew,
Shoji Meguro,
Stephen Fretwell,
Our Lady Peace,
Karaoke - Dixie Chicks,
Julian Plenti,
Jacques Loussier Trio,
Jill Barber,
Kelly Clarkson,
Frank Ocean,
Gustav Holst,
Thom Brennan,
Skip Marley,
Flyte,
FC Kahuna,
Opéra de Nuit,
Angel dust,
Vavamuffin,
Sneaker Pimps,
Across The Sun,
Raiden,
Information Society,
Янка Дягилева,
Eisbrecher,
Fares Karam,
Watcha Clan,
Alphonso S'Entrega,
Antichristus,
Happoradio,
Naturi Naughton,
Michael Jackson,
Belfast Bullfrogs,
Слава & Стас Пьеха,
Antibalas,
Jeffrey Martin,
Grupo Revelação,
Ebba Grön,
Планка,
Jomi Massage,
Łąki Łan,
Ber-linn,
Toygar Işıklı,
Chief Commander Ebenezer Obey,
Many Things Untold,
Red Mountain Church,
TourdeForce,
Bone Thugs-N-Harmony,
Blue Merle,
Natasa Bekvalac,
Joe Anderson,
Kevin Riepl,
Tercer Cielo,
Helge Schneider,
Alain Goraguer,
Magic Man,
Memoryhouse,
SPECTRA*paris,
DISPATCH,
Michael Mind Project,
First Signs Of Frost,
Constructorr,
Ministry of Sound,
Aviador Dro,
Manos De Topo,
Martin Manser & Ved Rajkumar,
Kardinal Offishall,
ENCASSATOR,
Castanets,
Crystal Waters,
Paolo Nutini,
Ashley Tisdale,
Halestorm,
Isobel Campbell,
Sixx:A.M.,
SLAVA SKRIPKA,
Jesus Culture,
The Suicide Machines,
Tennis,
The Wreckers,
Samon Kawamura,
Leonid Rudenko,
Slaughter & The Dogs,
Ho - Kago Tea Time,
Соль Земли,
Bruno Mars,
Ozric Tentacles,
Ariel Pink,
G-DRAGON,
Crazy Arm,
Vince Watson,
farewell,
Partibrejkers,
Francis Cabrel,
Aiden Grimshaw,
36,
The Sound Recordist,
Elektric Music,
Dubmatix,
White Rainbow,
Stabilo,
Big Star,
Diana Ross & The Supremes,
Jakob,
Real Life,
April Dawson,
Agnes Milewski,
Kalomira,
Phantogram,
John Dowland,
Erin LeCount,
Seven Percent Solution,
Гусиный крематорий,
Black Star Liner,
Einstürzende Neubauten,
Nino Uptown,
THA BLUE HERB,
Petra Berger,
Os Pedrero,
When The Roses Die,
Joe Budden,
Chantal Goya,
Crematory,
Dusty Springfield,
Lalo Schifrin,
Scott Lavender and the Explosions,
Litzy,
Harvey Danger,
Marcia Stone,
Zaza Fournier,
Steril,
Headplate,
Band of Horses,
Breathe In. Breathe Out.,
Komety,
Béla Bartók,
Chillout Lounge Ambient,
Helião,
María José,
Electric Light Orchestra,
PM Today,
Hot Chip,
PJ Harvey,
Dag Nasty,
Pink Noise for Meditation and Inner Peace,
Trans-X,
A Thorn For Every Heart,
Make It Count,
Victoria Beckham,
Lovers Electric,
Alfonso Peduto,
Great Expectations,
Deva Premal,
Michael Pole,
B1A4,
Trop Tard,
Melissa Etheridge,
The Belonging Co,
Trans-Siberian Orchestra,
David Lindup,
Mumford & Sons,
leewayy,
Ingram Hill,
Black Belt Eagle Scout,
Klaus Lynggaard,
The Primitives,
L.zwo,
Billy Blue,
Cold Chisel,
Krisiun,
Gavin Rossdale,
Cold War Kids,
Desi Slava,
The Wildcardz,
Moanaa,
Carlos Vives,
Goldmund,
David Crowder Band,
iiola,
İlhan İrem,
Massari,
Boom Clap Bachelors,
Chris O’Connor,
Putilatex,
Virginio Aiello,
Mikuni Shimokawa,
Neneh Cherry,
The Wallflowers,
Triangular Prism III,
Aviv Geffen,
Altai Hangai,
Cannabis Corpse,
Gustavo Santaolalla,
Kevin Federline,
Visage,
Kontaktees,
Abradab,
Mike Watt,
Jimmy Barnes,
Dreamscaper,
4 Апреля,
Robert Francis,
Jurga,
NOIT,
Snowy White,
Michael Paynter,
Semisonic,
Aqualung,
Silke Avenhaus,
1200 Micrograms,
Petula Clark,
祖堅 正慶,
Krakota,
Julee Cruise,
Faded Paper Figures,
Cantodiscanto,
Boyd Bennett,
Charlie Dée,
Sascha Funke,
KONIEC ŚWIATA,
Villa Cariño,
Apparatjik,
Glenn Miller,
Brooke Hogan,
Naive New Beaters,
Irma Thomas,
Daddy Cool,
La Quinta Estacion,
Lukas Bloom,
Digital Audio Network,
Azari & III,
Jonathan Davis,
MC Tempo,
Dave Barnes,
Heidi Happy,
Los Hermanos,
µ-Ziq,
Gustavo Moura & Rafael,
Arc Angels,
Tom Poisson,
Maaya Sakamoto,
Blacklite District,
Emily Jane Powers,
Carolyn Arends,
Kill Paradise,
Kaci Battaglia,
Clock DVA,
Lynch Mob,
Yaşar Kurt,
The Beta Band,
Pete Shelley,
Acid House Kings,
I Hate Kate,
Ah Ni (Angeline Xiao Ni Ni) 阿妮 (小妮妮),
Daniel Licht,
Buck Griffin,
L'esprit Du Clan,
New Old Boys Jazz Band,
anaiis,
Sloe Texture,
Babylon Bombs,
Benjamin Wetherill,
Tommy James & The Shondells,
Filligar,
Oscar Peterson Trio,
KYTES,
Blue Man Group,
Natalia Kukulska,
FrivolousFox ASMR,
Bibio,
Andy Fletcher,
The Groovy Rednecks,
Architecture In Helsinki,
The Amsterdam Guitar Trio,
Sky Sailing,
Ayumi Hamasaki,
English Chamber Orchestra,
TOBACCO,
Sense Field,
Hiroshi Miyagawa,
Vanessa Amorosi,
VMZ,
Diego Mitre,
Disconcerts,
Ana Johnsson,
Paco de Lucía,
Rock Candy,
Geneva Jacuzzi,
Alex Canasta,
Dennis Ferrer,
Argent,
MAN WITH A MISSION,
Aggro Berlin,
Michel Bulteau,
Nic Endo,
Better Than Ezra,
Russian Circles,
Встреча Рыбы,
Joseph Israel,
September Malevolence,
Naughty By Nature,
Ilkka Alanko,
John Powell,
Paul Stanley,
Vanna Rainelle,
Berlins Most Wanted,
Josh Pyke,
Jay Blaze,
Andrzej Zaucha,
Mason Jennings,
B. Fleischmann,
Moris Tepper,
Danny Cavanagh,
渡辺健二,
The Echoing Green,
S.U.N. Project,
Inner Side,
The Paddingtons,
Lucy Lawless,
The Mills Brothers,
Tanita Tikaram,
Ayria,
MACAN,
Poor Man's Poison,
Kim Wilde,
Agnes Obel,
David Haas,
Ryan's Hope,
Wild Nothing,
Michael Hornstein,
Da'Risum,
Kate Alexa,
The Offspring,
Mars Or The Moon,
Neon Trees,
James Primate,
Katya Ogonek,
Tucker Wetmore,
Minoo Javan,
Moxy Früvous,
Michigander,
Affluence,
Cherish,
George Benson,
The African Children’s Choir,
Kenny G,
Ani Lorak,
Musta Paraati,
Philip Selway,
T-Raperzy Znad Wisły,
Port O'Brien,
Mort Garson,
ТОМА,
Horace Andy,
Anthony Marinelli,
CMAT,
Rakim & Ken Wide,
SoulArisE,
X-Ray Dog,
Free,
Edgar Allan Poe & Auguste Dupin,
Black Tequila,
The Boy Least Likely To,
Melody Club,
Brigadniy Podryad,
Hilary Duff,
Duncan James,
Alchemist Project,
Everett Bradley (duet with Richie Sambora),
Crowded House,
my dream was prophetic,
Spongedub Squaredance,
Nancy Elizabeth,
Nino Katamadze,
Matt Braunger,
honeybird & the birdies,
Pięć Dwa Dębiec,
Anri,
Piotr Rogucki,
Hannah Georgas,
Margot & The Nuclear So And So's,
Hiroaki Tsutsumi,
Игра Слов,
Lady Sovereign,
Theo Adagio,
Pillowdiver,
"Robert Caldeira, Jr.",
Özgün Akay,
World of Nature,
Lil Mama,
Sunday Girl,
Unikkatil,
Krautheim,
Dead By Sunrise,
Christian Prommer's Drumlesson,
Juniper Vale,
Song House,
John Parish,
Medi,
The Sound of Lucrecia,
Anneliese Van Der Pol,
Megan McCauley,
Ayoon Al Habiba,
Holdcut,
Fauxliage,
Ibrahim Kasami,
T-Bizzy & The Management,
Nature Soundzzz Club,
Raquy And The Cavemen,
Butch Walker,
Les Mystere des Voix Bulgares,
Elisa Hale,
Donavon Hill,
The Axolotls,
Steve Vai,
Klyne,
Montana Tucker,
Chris Willis,
Gouri Shankar,
Tin Machine,
Faunts,
John K. Samson,
Bebe Rexha,
Maxine Nightingale,
Zephyr Solarin,
Wolfy Lights,
Michael Bulla Cardenas Aka Fresh,
Made Famous By Eminem & Rihanna,
Vegyn,
Greyson Chance,
Diana Vickers,
Manca Špik,
Seth Gueko,
Miss Emily Brown,
Spektrem,
Ранетки,
Loney Dear,
Variasha,
SOJA,
Paper Aeroplanes,
Stunna 4 Vegas,
The House of Love,
Latrelle,
Romeo Kattookaran,
Mates of State,
September,
佐宗綾子,
Luigi Masi,
Girls In Hawaii,
TV-2,
Old Time Radio,
Cídia e Dan,
Bo Diddley,
Baby White Noise Machine,
MFÖ,
Slagsmålsklubben,
Gym Class Heroes,
Koushik,
Ida Corr,
Defeated Sanity,
Abdülkadir Şehitoğlu,
Rockabilly Rebs,
Ronnie Day,
Psyche Origami,
Dark Lunacy,
ChocQuibTown,
Kenny Rogers,
Betty Boo,
Георги Кордов,
Norah Jones,
Sage Francis,
Bansuri Tribe,
Sixpence None The Richer,
Jessica Sutta,
Sleepy LaBeef,
Everything But The Girl,
Paulina Rubio,
Sicilian AV Project,
Internal Affairs,
Somnia Arcadia,
Yui Makino,
Irina Loghin,
Apatheia,
I'm From Barcelona,
Outono em Marte,
Deplasticoverde,
Katie Stevens,
Matt Uelmen,
Carolina Soto,
Trick Trick,
Wheatus,
Casino Versus Japan,
Rosanna Hyland,
Naila,
Крихітка Цахес,
Rockabye Baby!,
Deborah Harry,
Starsailor,
Siblings Of Samhain,
Pete Murray,
Shontelle,
Neoangin,
Amy Macdonald,
Oques Grasses,
Roger Miller,
Everlife,
Joaquin Phoenix,
I Cavalieri Del Re,
Coaxial System,
The Tragically Hip,
Danny Bryant's Redeyeband,
Candy Girls,
Pebbles&TamTam,
Wood for the Trees,
Andrea Bocelli,
Citizen Cope,
Ulrich Schnauss,
Paul Lipson,
Michael Tolcher,
Lokua Kanza,
Celina Ree,
Bliss n Eso,
JVG,
Existence The International Beatmaker,
Oren Lavie,
Beth Hart,
Kingdom Heirs,
Craig Owens,
Lady Blackbird,
Kid Cudi,
Hacride,
Flogging Molly,
Aitch,
Ien Oblique,
Aztec Camera,
György Kurtág,
Arthur Alexander,
The Fuzztones,
Teitur,
LUNA AURA,
Arrigo Barnabé,
Black Bear Combo,
Karyn White,
Main Source,
Политзек,
Sharon Jones & The Dap-Kings,
Framing Hanley,
Jeff Tweedy,
Hayley Westenra,
Tinie Tempah,
Tina Turner,
Alkistis Protopsalti,
Daisybox,
Sarah McLachlan,
Destruction of a King,
The Railwayers,
Black Dice,
Air,
Hilary Constance,
UBERBYTE,
California Snow Story,
dozavtra,
Controller 7,
ВИА ГРА & Валерий Меладзе,
Kottonmouth Kings,
Soziedad Alkoholika,
Zizi Possi,
Alana Grace,
The Chills,
The Templars,
"""Karaoke - Britney Spears, Madonna""",
Bearsuit,
Adrienne Bailon Houghton,
Shara Nelson,
Freakpower,
Banda Calypso,
Diwaliben Bhil,
Keaver & Brause,
Карандаш feat. Shaman,
DD/MM/YYYY,
BEGINNERS,
The London National Philharmonic Orchestra. Arranged and Conducted By Lex De Azevedo.,
Морэ & Рэльсы,
DJ ROBE,
Julio Iglesias,
Urban & 4,
The Brian Jonestown Massacre,
Ivan Kupala,
Shahzoda,
Miguel A. Ruiz,
Ryan Gosling,
Keshcoin,
Playing For Change,
Enslaved,
TANK 呂建忠,
Templo de Umbanda Estrela Guia,
Kronos Quartet,
Allman Brothers Band,
O Círculo,
The Creatures,
Trüby Trio,
Jorge Reyes,
Sante Sansone,
Joystick for the Zombies,
Jimmy Needham,
"The Right Reverend and Right Honourable Dame Sarah Mullally DBE, Dean of His Majesty’s Chapels Royal",
"""Weird Al"" Yankovic",
Operator Please,
Rapman,
Gyroscope,
Gabriella Cilmi,
Kalandra,
Secret Chiefs 3,
Persephone's Bees,
Pixie Lott,
Jesper Kyd,
Fake Drugs,
Black Box Revelation,
the vacation,
The Surfites,
United Artist's Studio Orchestra,
Malk De Koijn,
Toast Of The Town Skaters,
Danny Gokey,
Brendan Benson,
Paktofonika,
Merche Macaria,
The Veils,
Red Flag Music,
Ryan DeRobertis,
Nuclear Blast Allstars,
The Standells,
Die geheimen Archive des Sir Arthur Conan Doyle,
NILETTO,
Jon Kennedy,
Sky Larkin,
Marbelle,
UNTOTEN BEATS.,
Pendulum,
Slayer,
Los Cinco Latinos,
Johnny Pearson,
MC Marcelly,
Googoosh,
MercyMe,
Hideki Naganuma,
Tim Berg,
Darkthrone,
Kabah,
Cast Of 'Camp Rock 2',
Жанна Фриске,
I Blame Coco,
Oxynucid,
Cloud Cult,
The McClymonts,
Falle Nioke,
Rich2Gether,
Juanes,
Jazzanova,
The Imaginary Jimi Hendrix Experience,
Peter Broderick,
Pestilence,
Big Moves,
Victoria Silvstedt,
Monica,
Bryan Ferry,
Lionel Richie,
Tasadi,
The Ganelin Trio,
James Cotton,
Rosa de Saron,
Kawasaki 3P,
Hayley Williams,
Kaya Project,
Mercy Mercedes,
Angtoria,
mewithoutYou,
Ashley Robertson,
C-Lekktor,
Mashina Vremeni,
Bruce Haack,
소녀시대,
Кипелов,
Chór Studentów Akademii Muzycznej im. Fryderyka Chopina w Warszawie,
The Amity Affliction,
Mr Piter,
James Dean Bradfield,
Fake The Envy,
Jeff Goldblum,
Death In Vegas,
Herbstrock,
Cosmic Gate,
Guns N' Roses,
Guz,
Reale Accademia di Musica,
A Day To Remember,
The Black Ghosts,
Micachu,
J.J. Cale,
Duane Harden,
Quantum Bass Theory Nebula Rhythm Project Cosmic Frequency Illusion Alien Beats Laboratory Synthetic Galaxy Rhythms Holographic Universe Beats Pulsar Frequency Jams Intergalactic Sonic Experiment Time Warp Bass Mechanics Hyperdrive Percussion Division Synthetic Reality Drum Pulse Future Tech Bass Phenomenon Starship Groove Masters Parallel Universe Percussions Martian Rhythm Syndicate LightSpeed Bass Infectors Android Drum Alliance Alternate Reality Rhythm Raiders Bass Quasar Explorers Virtual Dimension Beatmakers Sonic Wormhole Navigators Stellar Bass Sequencers Astrological Drum Enigma Galactic Groove Gurus Teleportation Bass Transistors,
Scandinavian Music Group,
Nina Becker,
Her Words Kill,
The Shadows,
Hiroaki Sano,
This Romantic Tragedy,
Hedwig And The Angry Inch - Original Broadway Cast,
Bad Company,
Virgin Prunes,
David Nail,
Infadels,
桜庭 統,
Urgehal,
Tommy heavenly6,
Black Pumas,
Stian Westerhus,
Penfold,
Tyler Hilton & Bethany Joy Lenz,
CalledOut Music,
Day Of Fire,
Sébastien Tellier,
John Legend,
Room Eleven,
Marteria,
Nadja Michael,
2 Men A Drum Machine And A Trumpet,
Cluster,
HealeyIsland,
Michael Nyman,
The Upsetters,
Bitcrush,
The Hives,
Tim & Barry,
Zakk Wylde,
Franco Battiato,
Alex Campos,
Denny DiBiase,
Doug Hammond,
The Replacements,
Urszula Sipinska,
Diplo,
Talib Kweli,
Archers Of Loaf,
Mêlée,
Entheogenic,
Rasputina,
Evol Intent,
Siru,
Twilight Sparkle,
Horse The Band,
japanesecoffee,
Ajda Pekkan,
Platinum Blonde,
America,
Gene Ammons,
Faithless,
Reemo,
Nitsua,
Obywatel G.C.,
Natty King,
มาช่า วัฒนพานิช,
Nautilus Pompilius,
Chris Huelsbeck,
Daniel Ghattas,
Sidney Magal,
Shadows Chasing Ghosts,
The Sound of Arrows,
Bobina,
Juxtaposition,
Chroma Key,
The Vera Violets,
Serge Gainsbourg,
"40 Cal, JR Writer, Hell Rell, Bezel",
Xmal Deutschland,
Mai Kuraki,
David Ford,
Abingdon Boys School,
Awaken Demons,
Rojda,
макулатура,
Delain,
The Partridge Family,
Marianne Faithfull,
Prometheus,
Airbag,
The Getaway Plan,
Nina Simone,
Seven Nations,
Replikas,
Belanova,
Jan Hammer,
Baccara,
Tomaso Giovanni Albinoni,
Leo Brouwer,
Don Caballero,
Chromatics,
Envision,
Tři Sestry,
Push To Talk,
Katy Perry,
The Nature Soundscapes,
Joan Jett & the Blackhearts,
lumen,
Surdro,
Sid Vicious,
OceanLab,
"Hank Williams, Jr.",
Fallulah,
A Hawk And A Hacksaw,
Hümeyra,
Ozuna,
Jermaine Jackson,
Tsukiko Amano,
Still Remains,
Manafest,
Absynthe Minded,
Deadline,
Skarface,
Koop,
the pillows,
Zespół Reprezentacyjny,
The Shipp of Fools,
Forfun,
Leszek Możdżer,
Jean-Louis Aubert,
Hibernation,
Mickey Gilley,
No Known Weakness,
Nekropsi,
J Uzcategui,
Akron/Family,
La Ley,
Mukku,
Billy & The Kids,
Echo Image,
Gužva u 16-ercu,
Los Crudos,
Carlos Puebla Y Sus Tradicionales,
Fela Kuti,
Keb' Mo',
Mitchel Musso,
Broder Daniel,
Graveworm,
Girl in the Distance,
Archer Marbury,
Illdisposed,
The Pink Spiders,
Polarius,
Pride And Fall,
ravex,
Farhad As'adian,
Aly & AJ,
Satellites & Sirens,
Paul Schwartz,
Proyecto Mirage,
Patrick & Eugene,
Gazpacho,
Gianni Morandi,
Panacea Project,
Lene Marlin,
Carach Angren,
Acidburp,
Swallow The Sun,
Monster Magnet,
Bob Seger & The Silver Bullet Band,
Habakuk,
Anal Blast,
